{
    "columns": [
        {
            "type": "Date",
            "name": "date"
        },
        {
            "type": "Double",
            "name": "returning"
        },
        {
            "type": "Double",
            "name": "transaction_count"
        },
        {
            "type": "Double",
            "name": "transaction_value"
        }
    ],
    "rows": [
        {
            "values": [
                {
                    "value": "2014-01-1T00:00:00.0000+000"
                },
                {
                    "value": 1
                },
                {
                    "value": 24
                },
                {
                    "value": 1297.8146
                }
            ]
        },
        {
            "values": [
                {
                    "value": "2014-01-2T00:00:00.0000+000"
                },
                {
                    "value": 0
                },
                {
                    "value": 73
                },
                {
                    "value": 956.7017
                }
            ]
        },
        {
            "values": [
                {
                    "value": "2014-01-3T00:00:00.0000+000"
                },
                {
                    "value": 0
                },
                {
                    "value": 15
                },
                {
                    "value": 514.533
                }
            ]
        },
        {
            "values": [
                {
                    "value": "2014-01-4T00:00:00.0000+000"
                },
                {
                    "value": 0
                },
                {
                    "value": 59
                },
                {
                    "value": 832.3282
                }
            ]
        },
        {
            "values": [
                {
                    "value": "2014-01-5T00:00:00.0000+000"
                },
                {
                    "value": 0
                },
                {
                    "value": 27
                },
                {
                    "value": 335.1343
                }
            ]
        },
        {
            "values": [
                {
                    "value": "2014-01-6T00:00:00.0000+000"
                },
                {
                    "value": 1
                },
                {
                    "value": 74
                },
                {
                    "value": 1476.234
                }
            ]
        },
        {
            "values": [
                {
                    "value": "2014-01-7T00:00:00.0000+000"
                },
                {
                    "value": 0
                },
                {
                    "value": 2
                },
                {
                    "value": 1423.0619
                }
            ]
        },
        {
            "values": [
                {
                    "value": "2014-01-8T00:00:00.0000+000"
                },
                {
                    "value": 0
                },
                {
                    "value": 59
                },
                {
                    "value": 1699.3578
                }
            ]
        },
        {
            "values": [
                {
                    "value": "2014-01-9T00:00:00.0000+000"
                },
                {
                    "value": 0
                },
                {
                    "value": 20
                },
                {
                    "value": 1506.3269
                }
            ]
        },
        {
            "values": [
                {
                    "value": "2014-01-10T00:00:00.0000+000"
                },
                {
                    "value": 1
                },
                {
                    "value": 55
                },
                {
                    "value": 1587.4258
                }
            ]
        },
        {
            "values": [
                {
                    "value": "2014-01-11T00:00:00.0000+000"
                },
                {
                    "value": 1
                },
                {
                    "value": 12
                },
                {
                    "value": 1619.7755
                }
            ]
        },
        {
            "values": [
                {
                    "value": "2014-01-13T00:00:00.0000+000"
                },
                {
                    "value": 0
                },
                {
                    "value": 11
                },
                {
                    "value": 1661.5799
                }
            ]
        },
        {
            "values": [
                {
                    "value": "2014-01-14T00:00:00.0000+000"
                },
                {
                    "value": 0
                },
                {
                    "value": 9
                },
                {
                    "value": 45.1784
                }
            ]
        },
        {
            "values": [
                {
                    "value": "2014-01-15T00:00:00.0000+000"
                },
                {
                    "value": 0
                },
                {
                    "value": 90
                },
                {
                    "value": 527.0953
                }
            ]
        },
        {
            "values": [
                {
                    "value": "2014-01-16T00:00:00.0000+000"
                },
                {
                    "value": 1
                },
                {
                    "value": 94
                },
                {
                    "value": 402.5426
                }
            ]
        },
        {
            "values": [
                {
                    "value": "2014-01-17T00:00:00.0000+000"
                },
                {
                    "value": 0
                },
                {
                    "value": 37
                },
                {
                    "value": 1402.6637
                }
            ]
        },
        {
            "values": [
                {
                    "value": "2014-01-18T00:00:00.0000+000"
                },
                {
                    "value": 0
                },
                {
                    "value": 42
                },
                {
                    "value": 823.6057
                }
            ]
        },
        {
            "values": [
                {
                    "value": "2014-01-19T00:00:00.0000+000"
                },
                {
                    "value": 0
                },
                {
                    "value": 83
                },
                {
                    "value": 1334.7728
                }
            ]
        },
        {
            "values": [
                {
                    "value": "2014-01-20T00:00:00.0000+000"
                },
                {
                    "value": 1
                },
                {
                    "value": 17
                },
                {
                    "value": 44.309
                }
            ]
        },
        {
            "values": [
                {
                    "value": "2014-01-21T00:00:00.0000+000"
                },
                {
                    "value": 0
                },
                {
                    "value": 5
                },
                {
                    "value": 1863.8614
                }
            ]
        },
        {
            "values": [
                {
                    "value": "2014-01-22T00:00:00.0000+000"
                },
                {
                    "value": 0
                },
                {
                    "value": 11
                },
                {
                    "value": 1416.1328
                }
            ]
        },
        {
            "values": [
                {
                    "value": "2014-01-23T00:00:00.0000+000"
                },
                {
                    "value": 1
                },
                {
                    "value": 9
                },
                {
                    "value": 670.4793
                }
            ]
        },
        {
            "values": [
                {
                    "value": "2014-01-24T00:00:00.0000+000"
                },
                {
                    "value": 0
                },
                {
                    "value": 30
                },
                {
                    "value": 783.5494
                }
            ]
        },
        {
            "values": [
                {
                    "value": "2014-01-25T00:00:00.0000+000"
                },
                {
                    "value": 1
                },
                {
                    "value": 1
                },
                {
                    "value": 351.7962
                }
            ]
        },
        {
            "values": [
                {
                    "value": "2014-01-26T00:00:00.0000+000"
                },
                {
                    "value": 0
                },
                {
                    "value": 100
                },
                {
                    "value": 1092.5082
                }
            ]
        },
        {
            "values": [
                {
                    "value": "2014-01-27T00:00:00.0000+000"
                },
                {
                    "value": 1
                },
                {
                    "value": 84
                },
                {
                    "value": 1454.3683
                }
            ]
        },
        {
            "values": [
                {
                    "value": "2014-01-28T00:00:00.0000+000"
                },
                {
                    "value": 1
                },
                {
                    "value": 45
                },
                {
                    "value": 633.3724
                }
            ]
        },
        {
            "values": [
                {
                    "value": "2014-01-29T00:00:00.0000+000"
                },
                {
                    "value": 0
                },
                {
                    "value": 50
                },
                {
                    "value": 1065.1309
                }
            ]
        },
        {
            "values": [
                {
                    "value": "2014-01-30T00:00:00.0000+000"
                },
                {
                    "value": 1
                },
                {
                    "value": 46
                },
                {
                    "value": 1704.1895
                }
            ]
        },
        {
            "values": [
                {
                    "value": "2014-01-31T00:00:00.0000+000"
                },
                {
                    "value": 1
                },
                {
                    "value": 99
                },
                {
                    "value": 1141.5916
                }
            ]
        }
    ]
}