{
    "columns": [
        {
            "type": "Date",
            "name": "date"
        },
        {
            "type": "Double",
            "name": "returning"
        },
        {
            "type": "Double",
            "name": "transaction_count"
        },
        {
            "type": "Double",
            "name": "transaction_value"
        }
    ],
    "rows": [
        {
            "values": [
                {
                    "value": "2014-01-25T00:00:00.0000+000"
                },
                {
                    "value": 1
                },
                {
                    "value": 1
                },
                {
                    "value": 351.7962
                }
            ]
        },
        {
            "values": [
                {
                    "value": "2014-01-26T00:00:00.0000+000"
                },
                {
                    "value": 0
                },
                {
                    "value": 100
                },
                {
                    "value": 1092.5082
                }
            ]
        },
        {
            "values": [
                {
                    "value": "2014-01-27T00:00:00.0000+000"
                },
                {
                    "value": 1
                },
                {
                    "value": 84
                },
                {
                    "value": 1454.3683
                }
            ]
        },
        {
            "values": [
                {
                    "value": "2014-01-28T00:00:00.0000+000"
                },
                {
                    "value": 1
                },
                {
                    "value": 45
                },
                {
                    "value": 633.3724
                }
            ]
        },
        {
            "values": [
                {
                    "value": "2014-01-29T00:00:00.0000+000"
                },
                {
                    "value": 0
                },
                {
                    "value": 50
                },
                {
                    "value": 1065.1309
                }
            ]
        },
        {
            "values": [
                {
                    "value": "2014-01-30T00:00:00.0000+000"
                },
                {
                    "value": 1
                },
                {
                    "value": 46
                },
                {
                    "value": 1704.1895
                }
            ]
        },
        {
            "values": [
                {
                    "value": "2014-01-31T00:00:00.0000+000"
                },
                {
                    "value": 1
                },
                {
                    "value": 99
                },
                {
                    "value": 1141.5916
                }
            ]
        }
    ]
}